學生 ID,學生名稱
10000000,越祈
10000001,閒卿
10000002,洛昭言
10000003,明秀
10000004,居十方
10000005,小魚兒
10000006,花無缺
10000007,唐雪見
10000008,景天
10000009,李逍遙
10000010,百里屠蘇
10000011,風晴雪
10000012,方蘭生
10000013,襄鈴
10000014,紅玉
10000015,尹千殤
10000016,樂無異
10000017,聞人羽
10000018,夏夷則
10000019,阿阮
10000020,北洛
10000021,雲無月
10000022,岑纓
10000023,長柳
10000024,原天柿
10000025,越今朝
10000026,夏侯瑾軒
10000027,瑕
10000028,暮菖蘭
10000029,姜承
10000030,謝滄行
10000031,皇甫卓
10000032,凌波
10000033,龍溟
10000034,厲岩
10000035,結蘿
10000036,姜雲凡
10000037,唐雨柔
10000038,龍幽
10000039,小蠻
10000040,雲天河
10000041,韓菱紗
10000042,柳夢璃
10000043,慕容紫英
10000044,夙瑤
10000045,玄霄
10000046,龍葵
10000047,紫萱
10000048,徐長卿
10000049,花楹
10000050,飛蓬
10000051,重樓
10000052,龍陽
10000053,南宮煌
10000054,溫慧
10000055,王蓬絮
10000056,星璇
10000057,雷元戈
10000058,王小虎
10000059,蘇媚
10000060,沈欺霜
10000061,李憶如
10000062,林月如
10000063,趙靈兒
10000064,楚留香
10000065,胡鐵花
10000066,高亞南
10000067,金靈芝
10000068,李紅袖
10000069,宋甜兒
10000070,蘇蓉蓉
10000071,陳靖仇
10000072,于小雪
10000073,拓跋玉兒
10000074,張烈
10000075,陳輔
10000076,宇文拓
10000077,古月仙人
10000078,然翁
10000079,獨孤寧珂
10000080,焉逢
10000081,橫艾
10000082,彊梧
10000083,徒維
10000084,游兆
10000085,尚章
10000086,端蒙
10000087,耶亞希
10000088,賽特
10000089,卡瑪
10000090,李靖
10000091,麥爾斯
10000092,薇達
10000093,軒轅劍仙
10000094,司空宇
10000095,沐月
10000096,鳳煜
10000097,子巧
10000098,阿奇
10000099,史豔文
10000100,藏鏡人
